,Achievement_Keyword
サプライチェーン,49
産業連関分析,41
リスク評価,34
国際研究者交流,31
GIS,30
微生物,30
中国,29
重金属,29
リサイクル,28
環境,26
シミュレーション,25
環境政策,25
感染症,25
環境負荷,24
多環芳香族炭化水素,23
エアロゾル,23
遺伝子,23
大気汚染,22
水銀,21
魚類,21
環境分析,21
リモートセンシング,21
アポトーシス,20
環境化学物質,20
国際貿易,20
東南アジア,20
メチル水銀,20
地球温暖化,19
データベース,19
物質フロー分析,19
マウス,19
気候変動,19
進化,19
ウイルス,18
経営工学,18
放射性セシウム,18
マイクロアレイ,18
地理情報システム,18
環境汚染,17
環境経済,17
化学物質,17
土壌,16
水環境,16
ライフサイクルアセスメント,16
生物多様性,15
マテリアルフロー分析,15
インドネシア,15
物質循環,15
環境影響評価,15
有害化学物質,15
国際比較,15
廃棄物,15
安定同位体,15
酸化ストレス,15
遺伝子発現,15
ナノ粒子,14
モニタリング,14
ネットワーク,14
安定同位体比,14
バイオマーカー,14
環境技術,14
細菌,14
微量元素,14
ロジスティクス,14
持続可能性,13
フットプリント,13
産業連関表,13
最適化,13
放射線,13
環境質定量化・予測,13
モーダルシフト,12
経済政策,12
長距離輸送,12
二酸化炭素,12
黄砂,12
健康影響,12
環境変動,12
LCA,12
生態毒性,12
薬剤耐性菌,12
国際産業連関分析,12
リン,11
東アジア,11
窒素,11
モデル化,11
衛生,11
レアメタル,11
水循環,11
ラット,11
地下水,11
DNA損傷,11
ライフサイクル評価,11
DNA修復,11
ヒ素,11
代謝,11
河川,11
バイオマス,11
PCB,11
土木環境システム,11
精巣,11
